,Unnamed: 0,user_id,condnum,iso_time,prolific_id,gender,age,nationality,education,experience,eating_habits,goal,restrictions,american,european,other_continent
0,1,933993997418,3,2021-03-13T17:13:44.732Z,5f0c534291111659bbd90545,female,30,British ,4,chigh,healthy,none,vegan,0,European,0
1,2,562832177889,3,2021-03-13T17:14:08.234Z,5eed7950a383181a9932bc1b,female,24,Portuguese,3,cmedium,unhealthy,none,none,0,European,0
2,4,820505425692,3,2021-03-13T17:14:03.390Z,604c87eef498482b449582b2,female,32,Polish,3,cmedium,healthy,"protein,lweight","Flexitarian? At home only vegetarian, but no restriction when with friends or restaurants",0,European,0
3,5,1424506923822,3,2021-03-13T17:14:53.349Z,5cd409b8ab04960017af2686,male,23,Italian,2,cverylow,neutral,none,none,0,European,0
4,6,753666447056,3,2021-03-13T17:14:49.825Z,5faae38a4f9d9c50d85175a9,male,20,Poland,1,cverylow,vunhealthy,gweight,none,0,European,0
5,7,403925073851,3,2021-03-13T17:15:02.340Z,5f407fa7efc14a1c973b17e9,male,19,Portuguese,2,cmedium,neutral,none,none,0,European,0
6,8,1294056584192,3,2021-03-13T17:15:16.868Z,5c83f171fff8430001e997b4,female,20,Portuguese,2,cmedium,unhealthy,none,none,0,European,0
7,9,917355095304,3,2021-03-13T17:15:04.613Z,60253f70e3734903217abed1,female,20,Portuguese,2,cverylow,neutral,lweight,none,0,European,0
8,10,18965959532,3,2021-03-13T17:15:47.223Z,5dfbc27ea1f3618e09042c33,male,25,Polish,4,cmedium,healthy,none,none,0,European,0
9,11,677103265254,3,2021-03-13T17:15:05.620Z,5d51c9574dd16200012c05a5,male,24,Polish,2,chigh,neutral,none,Vegan,0,European,0
10,12,1461632343244,3,2021-03-13T17:15:43.323Z,5f580aa2e492b3363efa4ac2,male,19,Polish,2,clow,healthy,none,none,0,European,0
11,13,718013857611,3,2021-03-13T17:15:51.862Z,5cd30b2041a6b8001874c41f,female,26,greek,3,cmedium,healthy,"fruit,vegetables",none,0,European,0
12,14,976147508378,3,2021-03-13T17:16:15.002Z,5f0521a85c590c824dadb24d,male,26,Mexican,3,cmedium,neutral,lweight,lactose,0,0,Other
13,15,250696342691,3,2021-03-13T17:16:23.859Z,5e84705fb69f7b0009018f61,male,20,Pakistan,3,clow,unhealthy,"protein,gweight",halal,0,0,Other
14,16,45130216051,3,2021-03-13T17:16:29.531Z,5f8f32f0f4f6ea15a9524d22,female,23,Italian,2,chigh,healthy,Eat less animal products ,none,0,European,0
15,17,218684261764,3,2021-03-13T17:16:16.089Z,5e582888ad019803dba551c4,male,20,Polish,2,chigh,neutral,gweight,none,0,European,0
16,18,1111151966087,3,2021-03-13T17:16:03.233Z,601ed87577a1d237eb08d40b,female,20,UK,3,cmedium,neutral,lweight,vegan,0,0,Other
17,19,788308770583,3,2021-03-13T17:17:35.870Z,5c43724ab00b3300018f49bf,female,23,British,3,cmedium,neutral,none,none,0,European,0
18,20,876357358154,3,2021-03-13T17:17:42.214Z,5f23dd005a990d1d4fcfee68,female,22,UK,2,cmedium,neutral,lweight,none,0,0,Other
19,21,581647423953,3,2021-03-13T17:17:22.160Z,6022ab2c61828901ec3e13e6,female,18,Portuguese,2,cmedium,neutral,lweight,none,0,European,0
20,22,508097382186,3,2021-03-13T17:18:25.049Z,5f1ad4dfb7b8a221a6438ba4,female,25,Italian,3,cmedium,healthy,none,gluten,0,European,0
21,23,1133156243271,3,2021-03-13T17:17:42.474Z,5f0c675cbe0f365cc5424893,male,27,Polish,3,chigh,neutral,none,none,0,European,0
22,24,1460791864002,3,2021-03-13T17:18:09.903Z,5ea6a697f5d217022e2f7f45,female,34,British,2,cmedium,neutral,lweight,none,0,European,0
23,25,850621334482,3,2021-03-13T17:18:27.149Z,5e8b96fc978b9e07b099714c,male,22,Spain,3,clow,unhealthy,lweight,none,0,European,0
24,26,82535393477,3,2021-03-13T17:18:47.866Z,5eaf303e1b5acf09306cb758,female,38,Polish,4,chigh,neutral,none,none,0,European,0
25,27,1372703053184,3,2021-03-13T17:19:04.891Z,5af33ed518af790001744108,male,26,Portuguese,4,cmedium,healthy,"salt,fruit,vegetables",none,0,European,0
26,28,535546040324,3,2021-03-13T17:19:23.576Z,5ec015f79264f84145af1bb4,male,23,Latvian,6,cmedium,unhealthy,none,none,0,European,0
27,30,1012594397051,3,2021-03-13T17:19:46.046Z,5f82e997eec0860404c8f790,female,22,Portuguese,3,cmedium,neutral,none,vegan,0,European,0
28,31,38134847070,3,2021-03-13T17:19:19.296Z,5efcb513fe36e909073b1a43,male,55,UK,6,cmedium,neutral,lweight,none,0,0,Other
29,32,640775123952,3,2021-03-13T17:19:44.439Z,5f0f93d606d4751826e6c09d,female,25,Mexican,3,cmedium,healthy,lweight,none,0,0,Other
30,33,686680542757,3,2021-03-13T17:19:18.868Z,603698d6a7c474bafcf7382c,female,23,Polish,2,chigh,neutral,lweight,none,0,European,0
31,34,1009218933311,3,2021-03-13T17:19:33.294Z,5e9da6db8c05470a3101513d,male,19,UK,2,cmedium,healthy,"protein,salt,fruit,vegetables",none,0,0,Other
32,35,1238395881566,3,2021-03-13T17:19:48.617Z,603f94b4d96df204ccd1f66d,male,21,Portuguese,3,cmedium,unhealthy,"salt,vegetables",none,0,European,0
33,36,1050968331489,3,2021-03-13T17:20:00.373Z,5c1161934be31a0001480d22,male,31,Portuguese,3,clow,neutral,none,none,0,European,0
34,37,224649519782,3,2021-03-13T17:19:36.297Z,5fb2cf3bd6498b950b65aca6,male,37,Polish,4,chigh,neutral,none,none,0,European,0
35,38,26982634296,3,2021-03-13T17:20:17.616Z,5bfc1bb60ca8e900017f29df,female,40,UK,5,cmedium,neutral,lweight,vegan,0,0,Other
36,39,457660105087,3,2021-03-13T17:20:08.157Z,5eaac550c2e646012d6ca899,male,26,French,4,cmedium,unhealthy,gweight,halal,0,European,0
37,40,58487602728,3,2021-03-13T17:19:53.690Z,5892318a046bbb0001a52f3d,male,32,French,4,cmedium,neutral,"protein,vegetables,Lose fat",none,0,European,0
38,41,211701488051,3,2021-03-13T17:20:35.568Z,5af4f14f86fd9c0001664a21,male,30,Polish,3,cmedium,neutral,none,none,0,European,0
39,42,798337383495,3,2021-03-13T17:20:47.611Z,60363bdf512cae5da90bc695,female,20,English,3,cmedium,healthy,"protein,lweight",none,0,European,0
40,43,398168009362,3,2021-03-13T17:20:38.149Z,5f8ef5cf036fa50c4aba6a615f8ef5cf036fa50c4aba6a61,female,31,Polish,4,clow,neutral,"lweight,eat less sugar",none,0,European,0
41,44,1502105134485,3,2021-03-13T17:21:03.281Z,5e3d775997fe04000b4c65f8,male,22,Polish,2,clow,healthy,none,none,0,European,0
42,45,288372222888,3,2021-03-13T17:21:16.913Z,5e5ba15d2bd7a6371984f400,female,26,Portuguese,4,cmedium,neutral,none,none,0,European,0
43,46,1164708065233,3,2021-03-13T17:21:00.493Z,5ca333ab8001d50001c68a29,female,22,Polish,2,chigh,healthy,"salt,fruit,vegetables",none,0,European,0
44,47,30238281643,3,2021-03-13T17:20:56.662Z,5c37be1aa9872700014c6c80,male,32,Danish,2,clow,healthy,none,none,0,European,0
45,48,764267965210,3,2021-03-13T17:21:00.029Z,5fd8d7e42ce9082dd7998e6d,male,23,Portuguese,2,cmedium,unhealthy,"gweight,none",none,0,European,0
46,49,928884443096,3,2021-03-13T17:21:23.684Z,5ddeefcd1228d9e622e46442,female,21,Portuguese,2,chigh,neutral,none,none,0,European,0
47,50,620770308516,3,2021-03-13T17:21:37.175Z,5cdd82dba147210019aefd6e,female,36,Portuguese,4,cmedium,neutral,none,,0,European,0
48,51,408267260196,3,2021-03-13T17:19:41.526Z,601b1876d8db9349107ad10c,female,19,Spanish ,2,clow,neutral,"fruit,vegetables,lweight",none,0,European,0
49,52,833387827963,3,2021-03-13T17:22:03.794Z,5fd94d3d2ce90843fcb81f36,male,36,UK,3,cmedium,neutral,lweight,none,0,0,Other
50,53,1383708144190,3,2021-03-13T17:22:18.529Z,60465c0f857ebd000a4c95b6,male,20,Polish,2,cmedium,healthy,"protein,gweight",none,0,European,0
51,55,1357562898091,3,2021-03-13T17:22:18.828Z,5fd367199ff02b029312d60e,male,22,Greek,2,clow,neutral,lweight,none,0,European,0
52,56,610734241300,3,2021-03-13T17:23:17.766Z,5dc67a3384116a4b24fdfc39,male,36,American,3,cmedium,neutral,"fruit,vegetables",none,American,0,0
53,57,229971989655,3,2021-03-13T17:22:01.288Z,5fe85d683cc53c71223cb1e7,male,18,slovenian,1,cverylow,vunhealthy,"protein,salt,fruit,vegetables,lweight",none,0,European,0
54,58,1064133208406,3,2021-03-13T17:22:30.988Z,5f035e7905e44454f588a218,male,19,Portuguese,2,clow,healthy,"salt,vegetables",none,0,European,0
55,59,1566259835096,3,2021-03-13T17:22:20.068Z,5fb13b4905eae9155b4d62df,female,18,Polish,2,cmedium,unhealthy,lweight,none,0,European,0
56,60,180004225304,3,2021-03-13T17:22:42.607Z,5ac9c4415cd1050001626162,male,31,Mexican,3,clow,healthy,"fruit,vegetables,lweight",none,0,0,Other
57,61,3275449711,3,2021-03-13T17:21:20.754Z,602c40fc6ef6bd509c29a25f,male,21,UK,2,chigh,healthy,"protein,salt,fruit,vegetables",none,0,0,Other
58,63,1510616027373,3,2021-03-13T17:22:51.015Z,5bdc4f6a3c0f810001abb90e,male,25,Italian,2,cmedium,neutral,"vegetables,lweight",none,0,European,0
59,65,300932455547,3,2021-03-13T17:22:58.567Z,5dac9b59c19ff3001716c30d,female,33,UK,3,cmedium,neutral,none,none,0,0,Other
60,66,1257676047835,3,2021-03-13T17:22:20.013Z,604c5fc03fe63b6ce2d0a92f,female,25,mexican,3,cmedium,healthy,lweight,none,0,0,Other
61,67,1139135424765,3,2021-03-13T17:22:49.768Z,5eec65b6f9a5a948009b923f,male,24,Greek,3,chigh,healthy,gweight,none,0,European,0
62,68,728317954872,3,2021-03-13T17:21:13.959Z,5f130a4d0576a615ce9aa9c7,female,21,Polish,2,chigh,neutral,vegetables,none,0,European,0
63,69,974854403033,3,2021-03-13T17:22:49.887Z,603003d8ef81cedec8767d86,male,20,Portuguese,2,cmedium,neutral,"fruit,lweight",none,0,European,0
64,70,1520887623625,3,2021-03-13T17:23:29.013Z,601829114a6f8201fbc23287,female,19,Polish,2,cmedium,neutral,"protein,salt,fruit,vegetables,lweight",vegan,0,European,0
65,71,1095828064613,3,2021-03-13T17:22:34.647Z,5ce8004575db4d0019dee645,female,47,Polish,3,cmedium,healthy,"protein,vegetables,lweight",Paleo low carb,0,European,0
66,73,226442394480,3,2021-03-13T17:23:40.066Z,5fba752247aaee7c0e68e6d0,female,21,Portuguese,2,chigh,healthy,"fruit,vegetables,lweight",pescatarian,0,European,0
67,74,384702976924,3,2021-03-13T17:23:33.468Z,5e8b2f6aecf1c07e41c551be,male,24,Portuguese,4,cmedium,healthy,"fruit,vegetables,lweight",none,0,European,0
68,75,1347392570006,3,2021-03-13T17:23:39.957Z,5f0739f481cd430f8ff79608,other,22,Swedish,2,chigh,neutral,none,vegan,0,European,0
69,76,1162940211849,3,2021-03-13T17:22:51.412Z,5ec933873aa24943793f66c7,female,33,Polish,4,chigh,neutral,"vegetables,lweight",none,0,European,0
70,77,1224616435214,3,2021-03-13T17:23:13.824Z,5f44209516548e123aad52ca,other,20,American,2,clow,unhealthy,"lweight,gweight",none,American,0,0
71,78,190325354468,3,2021-03-13T17:24:01.316Z,5e5e33730fa612000a1fa1f7,male,18,Portuguese,2,clow,neutral,none,none,0,European,0
72,79,1001784944359,3,2021-03-13T17:32:47.072Z,5f6085189d9f7b026c8e635a,female,26,Polish,3,cmedium,neutral,"salt,fruit,vegetables,stop eating refined sugar ",gluten,0,European,0
73,80,432489582737,3,2021-03-13T17:23:44.797Z,5ff767b12e30bf422b3722d9,male,25,Spaniard,3,chigh,healthy,protein,none,0,European,0
74,81,113015344517,3,2021-03-13T17:23:07.630Z,5e739143d4934a023004b7fc,male,24,Polish,3,chigh,healthy,none,none,0,European,0
75,82,406411612940,3,2021-03-13T17:23:57.800Z,5d8f1a95b0b5ba001599cd96,male,21,Polish,2,chigh,healthy,"protein,vegetables,lweight",none,0,European,0
76,83,1261647165341,3,2021-03-13T17:23:27.315Z,5eb80b0e8d5a240519406f02,male,30,Polish,2,cmedium,unhealthy,"protein,vegetables,gweight",none,0,European,0
77,84,1378184566872,3,2021-03-13T17:24:19.143Z,5be941580aa5b80001384d8c,male,34,UK,2,cmedium,unhealthy,"fruit,vegetables,lweight",none,0,0,Other
78,85,757282881777,3,2021-03-13T17:24:21.477Z,5ea35bb82788e52de5e56b85,female,29,french,4,cmedium,neutral,"fruit,vegetables",none,0,European,0
79,86,714085434726,3,2021-03-13T17:24:01.602Z,5e70c8ae4a860a0008edf420,female,22,Portuguese,3,clow,neutral,"fruit,vegetables,lweight,Eat less animal products",none,0,European,0
80,87,231197445397,3,2021-03-13T17:24:20.749Z,5e183cd9373b8c118f1afe97,female,26,Polish,2,cmedium,neutral,"salt,fruit,vegetables,lweight",gluten,0,European,0
81,88,1510382618096,3,2021-03-13T17:24:11.431Z,5ff61f034368b817c12167d6,female,30,Polish,3,cmedium,healthy,gweight,vegan,0,European,0
82,89,1450281288484,3,2021-03-13T17:24:43.501Z,5f9699855237d2000cb00fcc,male,21,Polish,2,cmedium,healthy,lweight,none,0,European,0
83,91,767269557733,3,2021-03-13T17:24:27.732Z,5fa969f2b6ebc40f7f189f61,male,20,Polish,2,cmedium,neutral,gweight,none,0,European,0
84,92,1449910016703,3,2021-03-13T17:24:31.950Z,5c4b4004d0934d0001c3d17b,female,38,Portuguese,2,cmedium,neutral,lweight,none,0,European,0
85,93,1234920850081,3,2021-03-13T17:24:57.119Z,5bf5e55ebf67dc00015a2b3f,male,24,Polish,2,cmedium,unhealthy,lweight,none,0,European,0
86,94,1546425014718,3,2021-03-13T17:24:51.226Z,602a4a1e951673a04898b647,male,22,Polish,3,chigh,healthy,"protein,gweight",none,0,European,0
87,95,422954524517,3,2021-03-13T17:24:44.739Z,5f2f31201649be31653dabc5,female,37,Polish,4,cmedium,healthy,none,none,0,European,0
88,96,178662704939,3,2021-03-13T17:24:44.968Z,6037a0d84bcef502dd175635,female,32,Polish,4,chigh,healthy,none,none,0,European,0
89,97,742017375138,3,2021-03-13T17:24:47.466Z,5e5ecdecaf4e8a0985100df1,male,27,greek,3,cmedium,healthy,lweight,none,0,European,0
90,98,411115178102,3,2021-03-13T17:23:36.874Z,5eb14e176ee9a02245af69a4,male,32,Belgian,4,chigh,neutral,lweight,none,0,European,0
91,99,1288563597071,3,2021-03-13T17:24:46.081Z,5fdfde5bc92b368a2d8606dc,female,21,portuguese,2,chigh,neutral,"protein,lweight",lactose,0,European,0
92,100,1206298592286,3,2021-03-13T17:24:52.195Z,5f77475f5173b424b9746c28,male,23,Poland,6,clow,unhealthy,none,none,0,European,0
93,101,1261407792251,3,2021-03-13T17:24:28.962Z,5ff1f745c274b366e099b4d8,female,22,UK,3,chigh,healthy,"salt,fruit,vegetables",none,0,0,Other
94,102,963310215828,3,2021-03-13T17:25:11.707Z,5f6b8b24c71e610b1bab06e6,male,19,Polish,1,clow,neutral,salt,none,0,European,0
95,103,27123847908,3,2021-03-13T17:25:05.068Z,5daeef1127595a00157d30d3,male,33,Polish,4,chigh,healthy,Eat healthy,none,0,European,0
96,104,1189768853345,3,2021-03-13T17:25:00.748Z,5f22ea5ece2fd801e81079b9,male,24,British,3,cmedium,neutral,none,none,0,European,0
97,105,167864653586,3,2021-03-13T17:25:08.517Z,60147744b16bec4a084f1090,male,21,portuguese,2,cverylow,neutral,none,none,0,European,0
98,107,1140250926515,3,2021-03-13T17:25:04.893Z,5e1f158a3e33582402807d9f,female,21,Polish,4,cmedium,healthy,"vegetables,lweight",none,0,European,0
99,108,715607070683,3,2021-03-13T17:25:14.407Z,5bb2677fd8afe200018d0afc,male,42,American,4,chigh,neutral,lweight,none,American,0,0
100,109,1298964631185,3,2021-03-13T17:25:23.989Z,5e89e89bf025be000c01eead,male,22,Polish,3,clow,neutral,none,none,0,European,0
101,110,1299698116635,3,2021-03-13T17:25:06.254Z,60416f304233791437bfac5b,female,22,Polish,4,chigh,healthy,"protein,salt,fruit,vegetables",none,0,European,0
102,111,592960022425,3,2021-03-13T17:25:21.359Z,5e21d038f4dbbd4b8d23ac41,female,23,Polish,3,cmedium,unhealthy,"vegetables,lweight",none,0,European,0
103,112,1614694409187,3,2021-03-13T17:25:35.829Z,56e49e3b44b18400058937f7,male,44,Canadian,3,cverylow,neutral,none,none,0,0,Other
104,113,163364465134,3,2021-03-13T17:25:40.634Z,5baf06d756161d0001fe6dde,male,30,Spanish,4,chigh,vunhealthy,"protein,fruit,vegetables,lweight",none,0,European,0
105,114,1446937185955,3,2021-03-13T17:25:29.921Z,5e5d66f2101bf703d65326bc,male,19,Hungarian,2,cverylow,healthy,gweight,none,0,European,0
106,115,1422339553362,3,2021-03-13T17:25:05.266Z,60119a8bd146960ea1f6a5e2,male,20,Polish,2,cmedium,healthy,protein,none,0,European,0
107,116,713510323069,3,2021-03-13T17:25:54.061Z,6027a9db556222222b5668e7,male,20,polish,2,cmedium,vhealhty,gweight,none,0,European,0
108,117,1173798429774,3,2021-03-13T17:26:00.052Z,5faad91b0eed544e126d91b4,female,19,polish,2,chigh,neutral,"protein,fruit,vegetables,lweight",vegan,0,European,0
109,118,1133809234228,3,2021-03-13T17:25:36.739Z,5fc6257646ef5201d82dbb55,female,20,polish,3,cmedium,healthy,"fruit,vegetables,gweight",none,0,European,0
110,119,1359318205664,3,2021-03-13T17:26:31.956Z,5a614db535f26b000148fdf6,male,31,UK,2,cmedium,healthy,none,none,0,0,Other
111,120,1539518949220,3,2021-03-13T17:26:05.865Z,5e42e7539463ce0461a7d373,male,45,Polish,6,cmedium,neutral,none,none,0,European,0
112,121,1177101611814,3,2021-03-13T17:25:22.053Z,5e0c83fb24f939439514d5d6,female,22,Polish,2,cmedium,neutral,fruit,none,0,European,0
113,123,1010000811467,3,2021-03-13T17:29:49.838Z,5f455a58bddcf21312436c1d,female,31,Spanish,5,chigh,healthy,"protein,vegetables,lweight",none,0,European,0
114,124,1171492776718,3,2021-03-13T17:30:41.200Z,5ed2ae88ec79fd22e3a9a4f6,male,23,Portuguese,3,cmedium,healthy,gweight,none,0,European,0
115,125,607201712673,3,2021-03-13T17:29:52.073Z,603dccb9ca68cfcc9924e86c,female,21,Polish,3,cmedium,neutral,lweight,none,0,European,0
116,127,1429375291070,3,2021-03-13T17:32:15.069Z,60055b5db602617648c4c650,female,22,Portuguese,3,cmedium,healthy,lweight,none,0,European,0
117,128,618703324128,3,2021-03-13T17:32:03.339Z,59eb8c106100f9000194aa47,male,24,Polish,4,cmedium,healthy,lweight,none,0,European,0
118,129,488109220616,3,2021-03-13T17:39:31.098Z,5c56059aa469aa0001660cb6,female,34,Polish,2,chigh,healthy,"fruit,vegetables,lweight",none,0,European,0
119,130,474149888014,3,2021-03-13T18:00:48.758Z,5f91f177341c570e9e182a63,female,27,Polish,4,cmedium,unhealthy,lweight,none,0,European,0
120,131,1169242293287,3,2021-03-13T18:27:54.984Z,5fd105d3a30efb0173fe5486,male,20,Polish,3,cmedium,healthy,none,none,0,European,0
121,136,848202446098,3,2021-03-21T13:11:26.206Z,,male,43,american,2,cmedium,healthy,"fruit,vegetables",none,0,0,Other
122,137,825589652066,3,2021-03-21T13:11:28.291Z,,male,52,American,2,cveryhigh,healthy,none,none,American,0,0
123,138,1218395969690,3,2021-03-21T13:11:55.198Z,,male,70,American,5,cverylow,unhealthy,"salt,lweight",,American,0,0
124,139,379997714785,3,2021-03-21T13:11:54.785Z,,female,38,American,3,cveryhigh,vunhealthy,"protein,fruit,vegetables",vegan,American,0,0
125,140,927296448731,3,2021-03-21T13:12:13.773Z,,female,64,American,4,cmedium,neutral,lweight,none,American,0,0
126,145,320617346791,3,2021-03-21T13:14:19.608Z,,male,52,American,3,cmedium,healthy,lweight,none,American,0,0
127,146,235463706849,3,2021-03-21T13:14:06.931Z,,male,35,American,3,cveryhigh,vhealhty,none,vegan,American,0,0
128,147,1573459642957,3,2021-03-21T13:14:59.815Z,,female,49,usa,3,cmedium,neutral,none,none,0,0,Other
129,149,878753304338,3,2021-03-21T13:12:06.790Z,,male,60,American,2,cveryhigh,healthy,"fruit,vegetables",none,American,0,0
130,150,1534127464063,3,2021-03-21T13:15:55.039Z,,female,62,American,5,cmedium,vhealhty,lweight,none,American,0,0
131,151,22759750955,3,2021-03-21T13:16:45.685Z,,male,33,American,3,cmedium,neutral,none,none,American,0,0
132,152,93450182952,3,2021-03-21T13:17:57.732Z,,male,26,American,4,cmedium,neutral,lweight,none,American,0,0
133,154,1305306256990,3,2021-03-21T13:18:13.267Z,,female,52,American,3,cverylow,vunhealthy,"protein,fruit,vegetables,lweight",none,American,0,0
134,155,368351770318,3,2021-03-21T13:20:05.171Z,,male,51,American,3,chigh,neutral,vegetables,none,American,0,0
135,156,1298024617548,3,2021-03-21T13:20:37.100Z,,female,62,American,2,chigh,neutral,lweight,none,American,0,0
136,157,362091975559,3,2021-03-21T13:20:44.603Z,,male,42,American,3,cmedium,unhealthy,lweight,none,American,0,0
137,158,176199319703,3,2021-03-21T13:22:10.859Z,,female,26,American,4,cmedium,neutral,none,none,American,0,0
138,159,747415237183,3,2021-03-21T13:25:58.064Z,,female,51,American,2,chigh,neutral,none,allergies,American,0,0
139,160,1188827276577,3,2021-03-21T13:25:27.506Z,,female,61,AMERICAN,2,cmedium,healthy,lweight,,0,0,Other
140,161,1315272308849,3,2021-03-21T13:26:55.163Z,,female,42,American,4,cmedium,neutral,"salt,vegetables",none,American,0,0
141,162,418192750762,3,2021-03-21T13:27:21.057Z,,female,71,American,4,chigh,healthy,"fruit,vegetables,lweight","vegan,vegan",American,0,0
142,163,482054328141,3,2021-03-21T13:32:05.440Z,,male,26,American,3,chigh,healthy,lweight,none,American,0,0
143,164,537907129081,3,2021-03-21T13:33:33.910Z,,male,33,American,4,clow,unhealthy,lweight,none,American,0,0
144,167,931485373522,3,2021-03-21T13:44:35.413Z,,female,51,American,3,cmedium,unhealthy,lweight,none,American,0,0
145,168,672013981652,3,2021-03-21T13:45:07.241Z,,male,30,American,2,clow,healthy,lweight,none,American,0,0
146,169,910833838754,3,2021-03-21T13:42:19.239Z,,male,31,American,4,chigh,healthy,"protein,fruit",halal,American,0,0
147,171,1607900665823,3,2021-03-21T13:54:42.373Z,,male,73,American,5,cmedium,neutral,none,none,American,0,0
148,172,339750980094,3,2021-03-21T13:57:56.265Z,,male,34,American,3,chigh,healthy,"protein,fruit,vegetables,lweight",none,American,0,0
149,173,955723873464,3,2021-03-21T13:59:41.238Z,,female,32,American,3,cmedium,neutral,lweight,none,American,0,0
150,174,1545193114476,3,2021-03-21T14:02:34.296Z,,female,41,American,4,clow,healthy,"vegetables,lweight","vegan,Vegan",American,0,0
151,175,599299261392,3,2021-03-21T14:05:15.287Z,,female,58,American,2,chigh,healthy,"fruit,vegetables",none,American,0,0
152,176,852293701007,3,2021-03-21T14:10:52.965Z,,male,33,American,3,cmedium,healthy,lweight,,American,0,0
153,179,1116149946103,3,2021-03-21T14:13:22.095Z,,male,36,American,4,cmedium,neutral,lweight,none,American,0,0
154,180,92045837713,3,2021-03-21T14:15:24.334Z,,male,33,American,3,cmedium,healthy,vegetables,pescatarian,American,0,0
155,181,977093065471,3,2021-03-21T14:16:11.039Z,,female,57,American,2,cveryhigh,healthy,none,none,American,0,0
156,182,1311421776830,3,2021-03-21T14:16:40.475Z,,female,68,American,3,cveryhigh,healthy,"salt,fruit,vegetables",none,American,0,0
157,183,916240914145,3,2021-03-21T14:18:16.422Z,,female,24,American,3,chigh,healthy,"protein,gweight",none,American,0,0
158,184,1519145572245,3,2021-03-21T14:20:16.770Z,,female,37,American,3,cmedium,unhealthy,none,none,American,0,0
159,185,1399821921268,3,2021-03-21T14:21:56.629Z,,female,27,American,3,chigh,healthy,none,none,American,0,0
160,186,680339175378,3,2021-03-21T14:21:52.726Z,,male,55,American,4,clow,healthy,protein,none,American,0,0
161,187,372213442414,3,2021-03-21T14:20:57.149Z,,female,58,American,3,chigh,healthy,none,none,American,0,0
162,188,587288764478,3,2021-03-21T14:25:34.027Z,,male,25,American,3,cmedium,healthy,lweight,none,American,0,0
163,189,1386597915005,3,2021-03-21T14:26:07.367Z,,female,35,American,2,cmedium,healthy,none,none,American,0,0
164,190,185883953706,3,2021-03-21T14:28:44.070Z,,female,34,American,3,cmedium,healthy,"protein,lweight",none,American,0,0
165,191,123529049247,3,2021-03-21T14:30:57.847Z,,male,57,American,2,cmedium,neutral,none,none,American,0,0
166,192,1139152025857,3,2021-03-21T14:32:29.566Z,,female,43,American,2,chigh,neutral,"fruit,vegetables",none,American,0,0
167,194,1100305828564,3,2021-03-21T14:36:32.787Z,,female,28,American,2,clow,neutral,lweight,none,American,0,0
168,195,1049122298494,3,2021-03-21T14:36:47.352Z,,male,42,American,3,chigh,neutral,protein,none,American,0,0
169,196,1308285621206,3,2021-03-21T14:36:53.472Z,,female,22,American,3,cverylow,neutral,gweight,none,American,0,0
170,197,1127994065854,3,2021-03-21T14:37:20.960Z,,male,67,American,2,cmedium,healthy,"vegetables,lweight",none,American,0,0
171,198,601573627006,3,2021-03-21T14:37:29.824Z,,female,54,USA,3,cveryhigh,healthy,"protein,salt,fruit,vegetables,lweight",,0,0,Other
172,199,811709142686,3,2021-03-21T14:39:17.162Z,,female,26,American,4,cmedium,neutral,lweight,none,American,0,0
173,200,30532281901,3,2021-03-21T14:43:08.776Z,,male,31,American,5,chigh,healthy,none,"allergies,allergy to shellfish",American,0,0
174,201,508677700685,3,2021-03-21T14:44:38.273Z,,female,50,American,4,cmedium,healthy,vegetables,none,American,0,0
175,202,610367863814,3,2021-03-21T14:46:50.807Z,,female,56,American,3,cmedium,healthy,none,none,American,0,0
176,203,824381092450,3,2021-03-21T14:50:29.389Z,,female,60,American,4,chigh,neutral,none,none,American,0,0
177,204,1534227517235,3,2021-03-21T14:51:57.114Z,,female,44,American,4,cmedium,healthy,none,none,American,0,0
178,205,644272261267,3,2021-03-21T14:52:58.978Z,,female,70,American,2,cmedium,healthy,"salt,fruit",none,American,0,0
179,206,173378923750,3,2021-03-21T14:53:54.462Z,,female,65,American,4,cmedium,healthy,lweight,none,American,0,0
180,207,987388883613,3,2021-03-21T14:54:59.431Z,,male,39,American,5,cmedium,healthy,none,none,American,0,0
181,208,94383185667,3,2021-03-21T14:58:21.168Z,,female,65,American,2,chigh,healthy,none,none,American,0,0
182,209,414451327792,3,2021-03-21T15:01:42.415Z,,male,38,American,3,cmedium,unhealthy,lweight,gluten,American,0,0
183,210,466208438290,3,2021-03-21T15:02:45.515Z,,male,48,American,4,cmedium,neutral,none,none,American,0,0
184,211,1329612265541,3,2021-03-21T15:03:39.233Z,,female,41,American,3,chigh,healthy,lweight,lactose,American,0,0
185,212,778097924161,3,2021-03-21T15:04:21.713Z,,male,54,American,3,cmedium,healthy,"protein,salt,lweight",none,American,0,0
186,213,389859507456,3,2021-03-21T15:18:57.446Z,,male,51,American,4,chigh,neutral,lweight,none,American,0,0
187,214,419152752049,3,2021-03-21T15:05:11.339Z,,female,72,American,3,clow,neutral,"salt,vegetables",lactose,American,0,0
188,215,1192371339881,3,2021-03-21T15:05:47.874Z,,male,41,American,2,cmedium,neutral,lweight,none,American,0,0
189,216,1546067227789,3,2021-03-21T15:06:38.315Z,,male,22,American,2,cmedium,healthy,"protein,lweight",none,American,0,0
190,217,672726433472,3,2021-03-21T15:06:30.349Z,,male,59,American,3,cmedium,unhealthy,none,none,American,0,0
191,218,817367266019,3,2021-03-21T15:08:52.676Z,,male,41,American,3,cmedium,neutral,none,none,American,0,0
192,219,1531872228065,3,2021-03-21T15:13:10.105Z,,female,50,American,3,cmedium,healthy,none,none,American,0,0
193,220,1193142115513,3,2021-03-21T15:14:03.219Z,,female,34,American,4,cmedium,healthy,none,lactose,American,0,0
194,221,695033214928,3,2021-03-21T15:21:45.968Z,,male,33,American,2,clow,healthy,Eat less sugar,"vegan,Vegan",American,0,0
195,222,357713248558,3,2021-03-21T15:24:27.070Z,,male,65,American,3,cmedium,neutral,none,allergies,American,0,0
196,223,1525955324940,3,2021-03-21T15:24:57.139Z,,female,36,American,4,cmedium,healthy,"protein,vegetables,lweight",lactose,American,0,0
197,224,1276155819859,3,2021-03-21T15:26:58.027Z,,female,69,American,2,cmedium,neutral,lweight,none,American,0,0
198,225,1120154271745,3,2021-03-21T15:27:44.206Z,,female,43,usa,3,cmedium,healthy,lweight,none,0,0,Other
199,226,1032659662672,3,2021-03-21T15:27:30.971Z,,female,65,American,3,chigh,healthy,lweight,"lactose,sulfite intolerance",American,0,0
200,227,1555078945508,3,2021-03-21T15:31:15.177Z,,male,32,American,4,cmedium,neutral,none,none,American,0,0
201,228,262305097001,3,2021-03-21T15:31:58.875Z,,female,27,American,5,cmedium,healthy,none,none,American,0,0
202,229,367465953178,3,2021-03-21T15:33:07.486Z,,female,31,American,2,cmedium,healthy,lweight,none,American,0,0
203,230,57705526066,3,2021-03-21T15:34:25.263Z,,male,32,American,3,cmedium,neutral,"protein,vegetables",none,American,0,0
204,231,380337679036,3,2021-03-21T15:34:56.232Z,,female,33,American,3,cmedium,neutral,lweight,none,American,0,0
205,232,406543971782,3,2021-03-21T15:35:57.595Z,,male,24,American,3,cmedium,unhealthy,gweight,none,American,0,0
206,233,637269058789,3,2021-03-21T15:39:08.728Z,,male,32,American,4,cmedium,unhealthy,lweight,none,American,0,0
207,234,1590111351663,3,2021-03-21T15:40:07.333Z,,female,61,American,3,cveryhigh,healthy,none,low fodmap,American,0,0
208,235,729648666456,3,2021-03-21T15:42:42.324Z,,male,50,American,4,chigh,healthy,"salt,fruit,vegetables,lweight",none,American,0,0
209,236,410262209679,3,2021-03-21T15:44:44.105Z,,female,46,American,4,chigh,healthy,"protein,vegetables,lweight",none,American,0,0
210,237,29845007444,3,2021-03-21T15:46:55.358Z,,female,49,American,2,cmedium,neutral,"vegetables,lweight",none,American,0,0
211,238,15957297078,3,2021-03-21T15:49:31.402Z,,male,50,American,3,cmedium,healthy,vegetables,none,American,0,0
212,239,1357177993230,3,2021-03-21T15:49:25.287Z,,female,56,American,3,chigh,healthy,"protein,fruit,vegetables,lweight",gluten,American,0,0
213,242,1267916359172,3,2021-03-21T15:53:15.500Z,,male,38,USA,5,chigh,healthy,"protein,vegetables",none,0,0,Other
214,243,121995977830,3,2021-03-21T15:52:51.274Z,,female,64,American,5,cmedium,healthy,vegetables,none,American,0,0
215,244,163880708408,3,2021-03-21T15:56:23.638Z,,female,54,American,2,cmedium,healthy,"protein,salt,fruit,vegetables",none,American,0,0
216,245,807744864518,3,2021-03-21T15:58:53.145Z,,female,30,American,3,cmedium,unhealthy,lweight,none,American,0,0
217,246,69191047912,3,2021-03-21T15:59:28.234Z,,male,42,American,3,cveryhigh,healthy,none,none,American,0,0
218,247,17167592412,3,2021-03-21T15:59:24.984Z,,male,36,American,3,cmedium,healthy,"protein,salt,fruit,vegetables,lweight",none,American,0,0
219,248,756189740527,3,2021-03-21T16:00:17.428Z,,male,36,American,3,clow,healthy,gweight,none,American,0,0
220,249,1284312105637,3,2021-03-21T16:01:32.832Z,,female,31,American,4,cmedium,healthy,Eat less carbs,none,American,0,0
221,250,562277812640,3,2021-03-21T16:01:57.838Z,,male,68,American,5,cveryhigh,neutral,vegetables,none,American,0,0
222,251,1290724621994,3,2021-03-21T16:03:03.105Z,,female,36,American,4,chigh,healthy,none,vegan,American,0,0
223,253,12462387369,3,2021-03-21T16:04:57.686Z,,female,50,American,4,cmedium,neutral,none,none,American,0,0
224,254,520377323385,3,2021-03-21T16:06:03.631Z,,male,39,American,3,cmedium,healthy,none,pescatarian,American,0,0
225,255,502449634121,3,2021-03-21T16:06:02.513Z,,male,52,American,2,chigh,healthy,"protein,fruit,lweight",none,American,0,0
226,256,17522431830,3,2021-03-21T16:07:06.654Z,,female,27,American,3,chigh,healthy,"fruit,vegetables","lactose,allergies",American,0,0
227,257,1290030369563,3,2021-03-21T16:07:30.290Z,,female,54,American,3,clow,unhealthy,lweight,none,American,0,0
228,258,469567765208,3,2021-03-21T16:09:43.869Z,,male,50,American,3,cmedium,neutral,"vegetables,lweight",none,American,0,0
229,259,262507759545,3,2021-03-21T16:17:25.298Z,,female,41,American,3,cveryhigh,vhealhty,none,none,American,0,0
230,260,29836304816,3,2021-03-21T16:17:58.802Z,,female,29,American,4,cmedium,neutral,none,pescatarian,American,0,0
231,261,158707491369,3,2021-03-21T16:19:25.253Z,,male,30,American,3,cmedium,neutral,vegetables,none,American,0,0
232,262,780242192937,3,2021-03-21T16:21:07.448Z,,female,40,American,3,chigh,neutral,"protein,fruit,vegetables,lweight",none,American,0,0
233,263,482055356117,3,2021-03-21T16:23:24.933Z,,male,62,American,3,cmedium,healthy,none,none,American,0,0
234,265,1135186876134,3,2021-03-21T16:24:26.911Z,,female,38,American,3,cmedium,neutral,"protein,lweight",none,American,0,0
235,266,251968029578,3,2021-03-21T16:27:00.661Z,,female,39,American,2,chigh,neutral,none,none,American,0,0
236,267,1512031070522,3,2021-03-21T16:28:31.140Z,,male,30,American,3,cverylow,healthy,vegetables,none,American,0,0
237,270,668048523186,3,2021-03-21T17:04:52.884Z,,male,55,American,3,cveryhigh,neutral,none,none,American,0,0
238,271,312160988957,3,2021-03-21T17:31:34.389Z,,female,20,American,2,cmedium,neutral,"protein,lweight",none,American,0,0
239,272,1326088531021,3,2021-03-21T17:37:40.103Z,,female,47,American,4,cmedium,unhealthy,lweight,vegan,American,0,0
240,273,1280629628141,3,2021-03-21T18:03:11.015Z,,female,46,American,2,cmedium,healthy,NO,none,American,0,0
